period,date,winner,loser,winner_odds,loser_odds,winner_score,loser_score
0,2023-08-11,Man City,Burnley,1.33,8,3,0
0,2023-08-12,Arsenal,Nott'm Forest,1.18,15,2,1
0,2023-08-12,Brighton,Luton,1.33,9,4,1
0,2023-08-12,Crystal Palace,Sheffield United,2.38,3,1,0
0,2023-08-12,Fulham,Everton,3.3,2.2,1,0
0,2023-08-12,Newcastle,Aston Villa,1.75,4.6,5,1
0,2023-08-14,Man United,Wolves,1.33,9,1,0
1,2023-08-18,Nott'm Forest,Sheffield United,1.95,4,2,1
1,2023-08-19,Brentford,Fulham,2.63,2.7,3,0
1,2023-08-19,Brighton,Wolves,1.85,4,4,1
1,2023-08-19,Liverpool,Bournemouth,1.2,13,3,1
1,2023-08-19,Man City,Newcastle,1.67,5,1,0
1,2023-08-19,Tottenham,Man United,2.8,2.38,2,0
1,2023-08-20,Aston Villa,Everton,1.7,4.5,4,0
1,2023-08-20,West Ham,Chelsea,3.75,2,3,1
1,2023-08-21,Arsenal,Crystal Palace,1.6,5.5,1,0
2,2023-08-25,Chelsea,Luton,1.29,11,3,0
2,2023-08-26,Man United,Nott'm Forest,1.3,8,3,2
2,2023-08-26,Tottenham,Bournemouth,1.91,3.8,2,0
2,2023-08-26,West Ham,Brighton,5.25,1.53,3,1
2,2023-08-26,Wolves,Everton,3.2,2.3,1,0
2,2023-08-27,Aston Villa,Burnley,2.15,3.4,3,1
2,2023-08-27,Liverpool,Newcastle,3,2.2,2,1
2,2023-08-27,Man City,Sheffield United,1.17,13,2,1
3,2023-09-01,West Ham,Luton,1.73,4.75,2,1
3,2023-09-02,Brighton,Newcastle,2.5,2.55,3,1
3,2023-09-02,Man City,Fulham,1.17,15,5,1
3,2023-09-02,Nott'm Forest,Chelsea,8.5,1.4,1,0
3,2023-09-02,Tottenham,Burnley,1.85,3.6,5,2
3,2023-09-03,Arsenal,Man United,1.75,4.5,3,1
3,2023-09-03,Crystal Palace,Wolves,1.91,4.33,3,2
3,2023-09-03,Liverpool,Aston Villa,1.65,4.5,3,0
5,2023-09-16,Aston Villa,Crystal Palace,1.91,4,3,1
5,2023-09-16,Brighton,Man United,2.88,2.15,3,1
5,2023-09-16,Fulham,Luton,1.67,5.5,1,0
5,2023-09-16,Liverpool,Wolves,1.45,6,3,1
5,2023-09-16,Man City,West Ham,1.45,7,3,1
5,2023-09-16,Newcastle,Brentford,1.53,6,1,0
5,2023-09-16,Tottenham,Sheffield United,1.29,11,2,1
5,2023-09-17,Arsenal,Everton,1.5,6,1,0
6,2023-09-23,Everton,Brentford,4.2,1.8,3,1
6,2023-09-23,Man City,Nott'm Forest,1.14,15,2,0
6,2023-09-23,Man United,Burnley,1.73,4.2,1,0
6,2023-09-24,Aston Villa,Chelsea,3.8,1.91,1,0
6,2023-09-24,Brighton,Bournemouth,1.36,7.5,3,1
6,2023-09-24,Liverpool,West Ham,1.4,7,3,1
6,2023-09-24,Newcastle,Sheffield United,1.44,7,8,0
7,2023-09-30,Arsenal,Bournemouth,1.53,5.5,4,0
7,2023-09-30,Aston Villa,Brighton,2.55,2.55,6,1
7,2023-09-30,Crystal Palace,Man United,5.75,1.55,1,0
7,2023-09-30,Luton,Everton,6.5,1.57,2,1
7,2023-09-30,Newcastle,Burnley,1.3,9,2,0
7,2023-09-30,Tottenham,Liverpool,2.9,2.15,2,1
7,2023-09-30,West Ham,Sheffield United,1.45,7,2,0
7,2023-09-30,Wolves,Man City,8,1.33,2,1
7,2023-10-02,Chelsea,Fulham,2.05,3.6,2,0
7,2023-10-03,Burnley,Luton,2.63,2.9,2,1
8,2023-10-07,Chelsea,Burnley,1.73,4.5,4,1
8,2023-10-07,Everton,Bournemouth,1.91,3.8,3,0
8,2023-10-07,Fulham,Sheffield United,1.62,6,3,1
8,2023-10-07,Man United,Brentford,1.67,4.75,2,1
8,2023-10-07,Tottenham,Luton,1.45,6,1,0
8,2023-10-08,Arsenal,Man City,2.9,2.4,1,0
10,2023-10-21,Brentford,Burnley,1.83,4.2,3,0
10,2023-10-21,Liverpool,Everton,1.33,7.5,2,0
10,2023-10-21,Man City,Brighton,1.4,6.5,2,1
10,2023-10-21,Man United,Sheffield United,1.4,6.5,2,1
10,2023-10-21,Newcastle,Crystal Palace,1.45,7,4,0
10,2023-10-21,Wolves,Bournemouth,3,2.38,2,1
10,2023-10-22,Aston Villa,West Ham,1.85,4,4,1
10,2023-10-23,Tottenham,Fulham,1.5,6,2,0
11,2023-10-27,Tottenham,Crystal Palace,1.75,4.5,2,1
11,2023-10-28,Arsenal,Sheffield United,1.13,19,5,0
11,2023-10-28,Bournemouth,Burnley,2.15,3.3,2,1
11,2023-10-28,Brentford,Chelsea,5.25,1.65,2,0
11,2023-10-29,Aston Villa,Luton,1.25,9.5,3,1
11,2023-10-29,Everton,West Ham,3.3,2.15,1,0
11,2023-10-29,Liverpool,Nott'm Forest,1.29,11,3,0
11,2023-10-29,Man City,Man United,1.67,5,3,0
12,2023-11-04,Brentford,West Ham,2.05,3.5,3,2
12,2023-11-04,Crystal Palace,Burnley,2.6,2.75,2,0
12,2023-11-04,Man City,Bournemouth,1.1,19,6,1
12,2023-11-04,Man United,Fulham,2.2,3.2,1,0
12,2023-11-04,Newcastle,Arsenal,2.8,2.6,1,0
12,2023-11-04,Sheffield United,Wolves,3.8,2,2,1
12,2023-11-05,Nott'm Forest,Aston Villa,4.2,1.85,2,0
12,2023-11-06,Chelsea,Tottenham,3.5,2,4,1
13,2023-11-11,Arsenal,Burnley,1.18,17,3,1
13,2023-11-11,Bournemouth,Newcastle,4.75,1.73,2,0
13,2023-11-11,Everton,Crystal Palace,3,2.45,3,2
13,2023-11-11,Man United,Luton,1.33,9.5,1,0
13,2023-11-11,Wolves,Tottenham,3.1,2.2,2,1
13,2023-11-12,Aston Villa,Fulham,1.57,5.5,3,1
13,2023-11-12,Liverpool,Brentford,1.4,6.5,3,0
13,2023-11-12,West Ham,Nott'm Forest,1.85,4,3,2
15,2023-11-25,Arsenal,Brentford,1.75,4.5,1,0
15,2023-11-25,Bournemouth,Sheffield United,2.2,3.2,3,1
15,2023-11-25,Brighton,Nott'm Forest,2.15,3.2,3,2
15,2023-11-25,Luton,Crystal Palace,3.6,2.1,2,1
15,2023-11-25,Newcastle,Chelsea,2.55,2.63,4,1
15,2023-11-25,West Ham,Burnley,2.05,3.4,2,1
15,2023-11-26,Aston Villa,Tottenham,2.8,2.3,2,1
15,2023-11-26,Man United,Everton,2.55,2.7,3,0
15,2023-11-27,Fulham,Wolves,2.38,3,3,2
16,2023-12-02,Arsenal,Wolves,1.25,12,2,1
16,2023-12-02,Brentford,Luton,1.45,6.5,3,1
16,2023-12-02,Burnley,Sheffield United,1.8,4.5,5,0
16,2023-12-02,Everton,Nott'm Forest,2.6,2.75,1,0
16,2023-12-02,Newcastle,Man United,1.91,3.8,1,0
16,2023-12-03,Chelsea,Brighton,1.73,4.2,3,2
16,2023-12-03,Liverpool,Fulham,1.25,9,4,3
16,2023-12-05,Arsenal,Luton,1.18,17,4,3
16,2023-12-05,Wolves,Burnley,1.85,4.2,1,0
16,2023-12-06,Aston Villa,Man City,4.75,1.7,1,0
16,2023-12-06,Bournemouth,Crystal Palace,3.1,2.25,2,0
16,2023-12-06,Brighton,Brentford,1.91,3.75,2,1
16,2023-12-06,Fulham,Nott'm Forest,2,3.75,5,0
16,2023-12-06,Liverpool,Sheffield United,1.2,12,2,0
16,2023-12-06,Man United,Chelsea,2.88,2.45,2,1
16,2023-12-07,Everton,Newcastle,3.25,2.25,3,0
16,2023-12-07,West Ham,Tottenham,4.2,1.75,2,1
17,2023-12-09,Aston Villa,Arsenal,3.3,2.1,1,0
17,2023-12-09,Bournemouth,Man United,5.75,1.55,3,0
17,2023-12-09,Liverpool,Crystal Palace,1.5,6,2,1
17,2023-12-09,Sheffield United,Brentford,4.2,1.75,1,0
17,2023-12-10,Everton,Chelsea,3.1,2.25,2,0
17,2023-12-10,Fulham,West Ham,2.38,2.9,5,0
17,2023-12-10,Man City,Luton,1.14,17,2,1
17,2023-12-10,Tottenham,Newcastle,2.15,3.1,4,1
18,2023-12-15,Tottenham,Nott'm Forest,1.73,4.2,2,0
18,2023-12-16,Chelsea,Sheffield United,1.22,13,2,0
18,2023-12-16,Everton,Burnley,2.1,3.6,2,0
18,2023-12-16,Newcastle,Fulham,1.8,4,3,0
18,2023-12-17,Arsenal,Brighton,1.44,6,2,0
18,2023-12-17,Aston Villa,Brentford,2.1,3.2,2,1
18,2023-12-17,West Ham,Wolves,2.15,3.3,3,0
19,2023-12-23,Bournemouth,Nott'm Forest,2.55,2.75,3,2
19,2023-12-23,Burnley,Fulham,5.25,1.67,2,0
19,2023-12-23,Luton,Newcastle,4.75,1.65,1,0
19,2023-12-23,Tottenham,Everton,1.75,4,2,1
19,2023-12-23,West Ham,Man United,2.6,2.6,2,0
19,2023-12-24,Wolves,Chelsea,3.75,1.91,2,1
19,2023-12-26,Bournemouth,Fulham,2.15,3.2,3,0
19,2023-12-26,Liverpool,Burnley,1.4,6.5,2,0
19,2023-12-26,Luton,Sheffield United,3.1,2.3,3,2
19,2023-12-26,Man United,Aston Villa,2.6,2.6,3,2
19,2023-12-26,Nott'm Forest,Newcastle,5.75,1.5,3,1
19,2023-12-27,Chelsea,Crystal Palace,1.67,5,2,1
19,2023-12-27,Man City,Everton,1.57,5.75,3,1
19,2023-12-27,Wolves,Brentford,4.2,1.95,4,1
19,2023-12-28,Brighton,Tottenham,2.5,2.6,4,2
19,2023-12-28,West Ham,Arsenal,7.5,1.33,2,0
20,2023-12-30,Aston Villa,Burnley,1.36,7.5,3,2
20,2023-12-30,Chelsea,Luton,1.5,6.5,3,2
20,2023-12-30,Crystal Palace,Brentford,2.2,3.4,3,1
20,2023-12-30,Man City,Sheffield United,1.08,29,2,0
20,2023-12-30,Nott'm Forest,Man United,3.2,2.15,2,1
20,2023-12-30,Wolves,Everton,2.63,2.7,3,0
20,2023-12-31,Fulham,Arsenal,5.25,1.55,2,1
20,2023-12-31,Tottenham,Bournemouth,1.75,4,3,1
20,2024-01-01,Liverpool,Newcastle,1.45,7,4,2
22,2024-01-13,Chelsea,Fulham,1.6,5.25,1,0
22,2024-01-13,Man City,Newcastle,1.55,5.5,3,2
23,2024-01-20,Arsenal,Crystal Palace,1.3,9,5,0
23,2024-01-20,Brentford,Nott'm Forest,1.91,4,3,2
23,2024-01-21,Liverpool,Bournemouth,1.7,4.2,4,0
24,2024-01-30,Arsenal,Nott'm Forest,1.4,7.5,2,1
24,2024-01-30,Crystal Palace,Sheffield United,1.62,6.5,3,2
24,2024-01-30,Luton,Brighton,4.2,1.75,4,0
24,2024-01-30,Newcastle,Aston Villa,3.8,1.85,3,1
24,2024-01-31,Liverpool,Chelsea,1.57,5.25,4,1
24,2024-01-31,Man City,Burnley,1.08,21,3,1
24,2024-01-31,Tottenham,Brentford,1.67,4.75,3,2
24,2024-02-01,Man United,Wolves,2.55,2.63,4,3
25,2024-02-03,Aston Villa,Sheffield United,1.62,5.25,5,0
25,2024-02-03,Brighton,Crystal Palace,1.7,4.75,4,1
25,2024-02-04,Arsenal,Liverpool,2.2,3.1,3,1
25,2024-02-04,Man United,West Ham,1.62,5,3,0
25,2024-02-04,Wolves,Chelsea,5.5,1.62,4,2
25,2024-02-05,Man City,Brentford,1.4,7,3,1
26,2024-02-10,Brentford,Wolves,3.4,2.1,2,0
26,2024-02-10,Fulham,Bournemouth,2.38,2.8,3,1
26,2024-02-10,Liverpool,Burnley,1.17,17,3,1
26,2024-02-10,Man City,Everton,1.18,13,2,0
26,2024-02-10,Newcastle,Nott'm Forest,2.05,3.3,3,2
26,2024-02-10,Sheffield United,Luton,4.75,1.75,3,1
26,2024-02-10,Tottenham,Brighton,1.8,3.8,2,1
26,2024-02-11,Arsenal,West Ham,1.53,6,6,0
26,2024-02-11,Man United,Aston Villa,3.1,2.15,2,1
26,2024-02-12,Chelsea,Crystal Palace,1.85,4.2,3,1
27,2024-02-17,Arsenal,Burnley,1.29,10,5,0
27,2024-02-17,Aston Villa,Fulham,2.2,2.9,2,1
27,2024-02-17,Liverpool,Brentford,1.57,5.5,4,1
27,2024-02-17,Nott'm Forest,West Ham,2.38,2.9,2,0
27,2024-02-17,Wolves,Tottenham,5.25,1.53,2,1
27,2024-02-18,Brighton,Sheffield United,1.62,5,5,0
27,2024-02-18,Man United,Luton,1.8,4,2,1
27,2024-02-20,Man City,Brentford,1.18,13,1,0
27,2024-02-21,Liverpool,Luton,1.2,13,4,1
28,2024-02-24,Arsenal,Newcastle,1.36,8,4,1
28,2024-02-24,Aston Villa,Nott'm Forest,1.53,5.75,4,2
28,2024-02-24,Crystal Palace,Burnley,1.95,4,3,0
28,2024-02-24,Fulham,Man United,5.5,1.57,2,1
28,2024-02-24,Man City,Bournemouth,1.4,7,1,0
28,2024-02-25,Wolves,Sheffield United,1.44,7,1,0
28,2024-02-26,West Ham,Brentford,2.5,2.75,4,2
29,2024-03-02,Aston Villa,Luton,1.73,4.33,3,2
29,2024-03-02,Fulham,Brighton,2.55,2.63,3,0
29,2024-03-02,Liverpool,Nott'm Forest,1.53,6,1,0
29,2024-03-02,Newcastle,Wolves,1.91,3.6,3,0
29,2024-03-02,Tottenham,Crystal Palace,1.5,6.5,3,1
29,2024-03-02,West Ham,Everton,3.5,2.05,3,1
29,2024-03-03,Bournemouth,Burnley,1.95,3.75,2,0
29,2024-03-03,Man City,Man United,1.25,11,3,1
29,2024-03-04,Arsenal,Sheffield United,1.18,17,6,0
30,2024-03-09,Arsenal,Brentford,1.22,11,2,1
30,2024-03-09,Man United,Everton,1.83,4,2,0
30,2024-03-09,Wolves,Fulham,2.5,2.75,2,1
30,2024-03-10,Brighton,Nott'm Forest,1.8,4,1,0
30,2024-03-10,Tottenham,Aston Villa,2.6,2.38,4,0
30,2024-03-11,Chelsea,Newcastle,1.91,3.6,3,2
30,2024-03-13,Bournemouth,Luton,1.5,5.75,4,3
31,2024-03-16,Burnley,Brentford,3.25,2.15,2,1
31,2024-03-16,Fulham,Tottenham,3.5,1.95,3,0
33,2024-03-30,Aston Villa,Wolves,1.6,5,2,0
33,2024-03-30,Bournemouth,Everton,2.2,3.2,2,1
33,2024-03-30,Newcastle,West Ham,1.83,3.8,4,3
33,2024-03-30,Tottenham,Luton,1.2,11,2,1
33,2024-03-31,Liverpool,Brighton,1.36,7.5,2,1
33,2024-04-02,Bournemouth,Crystal Palace,1.95,3.6,1,0
33,2024-04-02,Nott'm Forest,Fulham,2.7,2.63,3,1
33,2024-04-03,Arsenal,Luton,1.1,19,2,0
33,2024-04-03,Man City,Aston Villa,1.3,8,4,1
33,2024-04-04,Chelsea,Man United,2,3.4,4,3
33,2024-04-04,Liverpool,Sheffield United,1.09,21,3,1
34,2024-04-06,Arsenal,Brighton,1.62,5,3,0
34,2024-04-06,Everton,Burnley,1.65,5.25,1,0
34,2024-04-06,Luton,Bournemouth,3.75,1.91,2,1
34,2024-04-06,Man City,Crystal Palace,1.33,9.5,4,2
34,2024-04-06,Newcastle,Fulham,2.8,2.38,1,0
34,2024-04-06,West Ham,Wolves,2.7,2.5,2,1
34,2024-04-07,Tottenham,Nott'm Forest,1.4,6.5,3,1
35,2024-04-13,Brentford,Sheffield United,1.44,6.5,2,0
35,2024-04-13,Man City,Luton,1.1,19,5,1
35,2024-04-13,Newcastle,Tottenham,2.7,2.3,4,0
35,2024-04-14,Aston Villa,Arsenal,10,1.29,2,0
35,2024-04-14,Crystal Palace,Liverpool,12,1.22,1,0
35,2024-04-14,Fulham,West Ham,2.8,2.38,2,0
35,2024-04-15,Chelsea,Everton,1.7,4.5,6,0
36,2024-04-20,Arsenal,Wolves,1.4,8.5,2,0
36,2024-04-20,Brentford,Luton,2.15,3.1,5,1
36,2024-04-20,Burnley,Sheffield United,2.45,2.75,4,1
36,2024-04-21,Aston Villa,Bournemouth,1.85,3.6,3,1
36,2024-04-21,Crystal Palace,West Ham,2.1,3.4,5,2
36,2024-04-21,Everton,Nott'm Forest,2.05,3.6,2,0
36,2024-04-21,Liverpool,Fulham,1.57,5.25,3,1
36,2024-04-23,Arsenal,Chelsea,1.44,6,5,0
36,2024-04-24,Bournemouth,Wolves,2.5,2.7,1,0
36,2024-04-24,Crystal Palace,Newcastle,2.75,2.4,2,0
36,2024-04-24,Everton,Liverpool,7,1.4,2,0
36,2024-04-24,Man United,Sheffield United,1.3,7.5,4,2
36,2024-04-25,Man City,Brighton,1.4,6.5,4,0
37,2024-04-27,Everton,Brentford,2.3,3,1,0
37,2024-04-27,Newcastle,Sheffield United,1.22,11,5,1
37,2024-04-27,Wolves,Luton,1.95,3.6,2,1
37,2024-04-28,Arsenal,Tottenham,1.75,4.2,3,2
37,2024-04-28,Bournemouth,Brighton,2.25,2.9,3,0
37,2024-04-28,Man City,Nott'm Forest,1.3,8,2,0
37,2024-05-02,Chelsea,Tottenham,2.15,3,2,0
38,2024-05-04,Arsenal,Bournemouth,1.22,11,3,0
38,2024-05-04,Man City,Wolves,1.08,21,5,1
38,2024-05-04,Newcastle,Burnley,1.95,3.4,4,1
38,2024-05-04,Nott'm Forest,Sheffield United,1.65,4.75,3,1
38,2024-05-05,Brighton,Aston Villa,2.75,2.45,1,0
38,2024-05-05,Chelsea,West Ham,1.65,4.5,5,0
38,2024-05-05,Liverpool,Tottenham,1.5,5,4,2
38,2024-05-06,Crystal Palace,Man United,2.38,2.8,4,0
39,2024-05-11,Brentford,Bournemouth,3.5,1.95,2,1
39,2024-05-11,Chelsea,Nott'm Forest,2,3.4,3,2
39,2024-05-11,Crystal Palace,Wolves,2.38,2.88,3,1
39,2024-05-11,Everton,Sheffield United,1.4,7.5,1,0
39,2024-05-11,Man City,Fulham,1.2,13,4,0
39,2024-05-11,Tottenham,Burnley,1.36,7,2,1
39,2024-05-11,West Ham,Luton,1.8,3.8,3,1
39,2024-05-12,Arsenal,Man United,1.36,7,1,0
39,2024-05-14,Man City,Tottenham,1.36,6.5,2,0
39,2024-05-15,Chelsea,Brighton,1.95,3.3,2,1
39,2024-05-15,Man United,Newcastle,2.75,2.3,3,2
40,2024-05-19,Arsenal,Everton,1.18,12,2,1
40,2024-05-19,Chelsea,Bournemouth,1.45,6,2,1
40,2024-05-19,Crystal Palace,Aston Villa,1.85,3.6,5,0
40,2024-05-19,Fulham,Luton,2.2,2.9,4,2
40,2024-05-19,Liverpool,Wolves,1.17,15,2,0
40,2024-05-19,Man City,West Ham,1.08,21,3,1
40,2024-05-19,Man United,Brighton,2.9,2.15,2,0
40,2024-05-19,Newcastle,Brentford,2.2,2.9,4,2
40,2024-05-19,Nott'm Forest,Burnley,2.3,3,2,1
40,2024-05-19,Tottenham,Sheffield United,1.33,7,3,0
